{"current":{"product_key":"","default_font_family":"Oswald","default_font_size":"14px","default_line_height":"2","quickview_font_size":"14px","quickview_font_style":"400","carticoncolor":"#ffffff","cartcountcolor":"#b4d641","mobilecountbgcolor":"#000000","cartcounttextcolor":"#ffffff","mobilecartcounttextcolor":"#ffffff","stickycarticoncolor":"#000000","borderuse":false,"bcolor":"#ffffff","menuandsearchcolor":"#000000","footercarticoncolor":"#000000","footercarticonbackground":"#ffffff","color_body_bg":"#fff","color_body_text":"#000000","color_primary":"#b4d641","color_secondary":"#119cf5","checkoutbuttoncolor":"#b4d641","checkoutbuttoncolorhover":"#a4c33a","checkoutbuttoncolortext":"#ffffff","checkoutbuttoncolortexthover":"#ffffff","sectionheadingcolor":"#394439","quantity_selector_bg":"#f9f9f9","quantity_selector_text":"#888888","quantity_selector_hover_bg":"#f1f1f1","quantity_selector_hover_text":"#000000","bottom_popup_bg":"#49acd5","bottom_popup_message":"#ffffff","bottom_popup_product_title_olor":"#dad9d9","upsell_popup_bg_color":"#ffffff","upsell_popup_text_color":"#000000","upsell_popup_headline_bg_color":"#dddcdc","upsell_headline_text_color":"#000000","button_yes_bg_color":"#627f9a","button_yes_text_color":"#ffffff","button_no_bg_color":"#dddcdc","button_no_text_color":"#000000","footer_copyright_bg_color":"#232323","footer_copyright_font_color":"#ffffff","colection_left_bar_bg_color":"#3d3d3d","colection_left_bar_font_color":"#ffffff","colection_left_bar_titlebg_color":"#efefef","colection_left_bar_titlefont_color":"#000000","colection_sale_badge_text_color":"#ffffff","colection_quick_buy_text_color":"#ffffff","collection_price_text_color":"#000","collection_compare_text_color":"#8b8b8b","Cart_drawer_border_colors":"#ebebeb","footer_border_colors":"#cccccc","strip_bg_color":"#49acd5","strip_text_color":"#ffffff","strip_link_color":"#ffffff","strip_hover_link_color":"#ffffff","strapline_border_color":"rgba(0,0,0,0)","other_colors":"#000000","strip_font_size":"18px","strip_line_font_style":"300","enable_strip_text":true,"strip_linklist":"topmenu","enabletopnavonmobile":true,"strip_text":"Spend $x  to Unlock Free Shipping","enable_free_shipping_on_strip_bar":true,"strip_url":"","strip_display_user_country":true,"usecutomiconforcart":false,"strip_bottom_border":true,"strip_bottom_border_width":"1px","enable_header_fb_page":false,"header_fb_page_url":"https:\/\/www.facebook.com\/ShoptimizedShopify\/","header_fb_page_name":"ShoptimizedShopify","logo_use_image":true,"logo_max_width":"300","favicon_enable":true,"header_bgcolor":"#ffffff","menu_bgcolor":"#f2f8f8","menu_font_color":"#2e2e2e","showhighlightbar":false,"menu_link_font_size":"16px","menu_link_font_style":"400","usemetaimage":false,"enable_sticky_headerr":"two","header_linklist_1":"","header_linklist_2":"","enable_header_promotion":true,"header_promotion_link":"https:\/\/www.facebook.com\/ShoptimizedShopify\/","enable_header_search":true,"header_search_placeholder":"Search...","optionofphone":"Menu","enable_header_contact":true,"usecustomphoneicon":true,"header_question_line":"Got a Question? Call Us","header_question_line_font_color":"#868686","header_phone_number_prompt_font_size":"12px","header_phone_number_prompt_font_style":"300","header_phone":"1-877-427-2923","header_phone_font_color":"#b4d641","header_phone_font_size":"18px","header_phone_font_style":"600","header_time":"Mon-Sat 9am-6pm Eastern","header_opening_hours_font_color":"#868686","header_opening_hours_font_size":"17px","header_opening_hours_font_style":"300","enable_mobile_topbar":true,"mobile_top_bar_font_color":"#3b3b3b","mobile_top_bar_bg_color":"#f7db15","mobile_top_bar_bottom_border_color":"#3b3b3b","mobile_header_bg_color":"#f8f8f8","mobile_top_strip":"Free Shipping Over $x to","enable_banner_user_country":true,"search_icon_color":"#ffffff","sticky_bg_color":"#49acd5","sticky_text_color":"#ffffff","sticky_font_family":"Oswald","sticky_font_size":"18px","sticky_font_style":"400","enable_sticky_bar":false,"enable_sticky_bar_mobile":false,"sticky_bar_method":"site","enable_sticky_bar_timer":false,"sticky_bar_text":"Spend $x to Unlock Free Shipping","free_shipping_sticky_bar_text":"You Have Achieved Free Shipping","sticky_bar_timer_cutoff":"4","sticky_bar_reset":"20","enable_megamenu":true,"megamenu_default_link":true,"display_product_price":true,"megamenu_bg_color":"#ffffff","megamenu_title_font_color":"#b4d641","megamenu_title_font_size":"18px","megamenu_title_font_style":"600","megamenu_link_color":"#747474","megamenu_link_hover_color":"#119cf5","megamenu_link_font_size":"15px","megamenu_link_font_style":"400","megamenu_custom_link_color":"#000000","megamenu_custom_link_hover_color":"#b4d641","megamenu_custom_link_font_size":"16px","megamenu_custom_link_font_style":"400","megamenu_line_spacing":"3","megamenu_custom_link_enable":true,"megamenu_custom_link_1_text":"Custom Link One","megamenu_custom_link_1_collection":"\/custom_link\/","megamenu_custom_link_2_text":"Custom Link Two","megamenu_custom_link_2_collection":"Custom Link One","megamenu_custom_link_3_text":"Custom Link Three","megamenu_custom_link_3_collection":"Custom Link One","megamenu_custom_link_4_text":"Custom Link Four","megamenu_custom_link_4_collection":"Custom Link One","megamenu_custom_link_5_text":"Custom Link Five","megamenu_custom_link_5_collection":"Custom Link One","megamenu_custom_link_6_text":"Custom Link Six","megamenu_custom_link_6_collection":"Custom Link Six","megamenu_custom_link_7_text":"Custom Link Seven","megamenu_custom_link_7_collection":"Custom Link One","megamenu_custom_link_8_text":"Custom Link Six","megamenu_custom_link_8_collection":"Custom Link Six","megamenu_1_enable":true,"megamenu_1_icon_enable":false,"megamenu_1_text":"Mega Menu Demo","megamenu_1_default_collection":"navigation","megamenu_1_submenu_1_heading":"First Nav","megamenu_1_submenu_1":"","megamenu_1_submenu_2_heading":"Tops","megamenu_1_submenu_2":"","megamenu_1_submenu_3_heading":"Bottoms","megamenu_1_submenu_3":"","megamenu_1_submenu_4_heading":"Intimates","megamenu_1_submenu_4":"","megamenu_1_submenu_5_heading":"Swimming","megamenu_1_submenu_5":"","megamenu_1_submenu_6_heading":"Jackets","megamenu_1_submenu_6":"","megamenu_1_submenu_7_heading":"","megamenu_1_submenu_7":"","megamenu_1_submenu_8_heading":"","megamenu_1_submenu_8":"","megamenu_1_submenu_9_heading":"","megamenu_1_submenu_9":"","megamenu_2_enable":true,"megamenu_2_icon_enable":false,"megamenu_2_text":"Mega Menu 2 Demo","megamenu_2_default_collection":"navigation-2","megamenu_2_submenu_1_heading":"","megamenu_2_submenu_1":"topmenu","megamenu_2_submenu_2_heading":"Footer Copy","megamenu_2_submenu_2":"","megamenu_2_submenu_3_heading":"Don't Miss","megamenu_2_submenu_3":"","megamenu_2_submenu_4_heading":"Costumes","megamenu_2_submenu_4":"","megamenu_2_submenu_5_heading":"Submenu 5","megamenu_2_submenu_5":"","megamenu_2_submenu_6_heading":"Submenu 6","megamenu_2_submenu_6":"","megamenu_2_submenu_7_heading":"Submenu 7","megamenu_2_submenu_7":"","megamenu_2_submenu_8_heading":"Submenu 8","megamenu_2_submenu_8":"","megamenu_2_submenu_9_heading":"Submenu 9","megamenu_2_submenu_9":"","megamenu_3_enable":false,"megamenu_3_icon_enable":false,"megamenu_3_text":"New Arrivals","megamenu_3_default_collection":"","megamenu_3_submenu_1_heading":"The Newest Gear","megamenu_3_submenu_1":"main-menu","megamenu_3_submenu_2_heading":"The Hottest Gear","megamenu_3_submenu_2":"","megamenu_3_submenu_3_heading":"Don't Miss","megamenu_3_submenu_3":"","megamenu_3_submenu_4_heading":"Costumes","megamenu_3_submenu_4":"footer","megamenu_3_submenu_5_heading":"Submenu 5","megamenu_3_submenu_5":"footer","megamenu_3_submenu_6_heading":"Submenu 6","megamenu_3_submenu_6":"","megamenu_3_submenu_7_heading":"Submenu 7","megamenu_3_submenu_7":"","megamenu_3_submenu_8_heading":"Submenu 8","megamenu_3_submenu_8":"","megamenu_3_submenu_9_heading":"Submenu 9","megamenu_3_submenu_9":"","megamenu_4_enable":false,"megamenu_4_icon_enable":false,"megamenu_4_text":"Deals","megamenu_4_default_collection":"","megamenu_4_submenu_1_heading":"What's on Sale","megamenu_4_submenu_1":"","megamenu_4_submenu_2_heading":"The Hottest Gear","megamenu_4_submenu_2":"main-menu","megamenu_4_submenu_3_heading":"Don't Miss","megamenu_4_submenu_3":"","megamenu_4_submenu_4_heading":"Costumes","megamenu_4_submenu_4":"","megamenu_4_submenu_5_heading":"Submenu 5","megamenu_4_submenu_5":"","megamenu_4_submenu_6_heading":"Submenu 6","megamenu_4_submenu_6":"","megamenu_4_submenu_7_heading":"Submenu 7","megamenu_4_submenu_7":"","megamenu_4_submenu_8_heading":"Submenu 8","megamenu_4_submenu_8":"","megamenu_4_submenu_9_heading":"Submenu 9","megamenu_4_submenu_9":"","megamenu_5_enable":false,"megamenu_5_icon_enable":false,"megamenu_5_text":"Exclusives","megamenu_5_default_collection":"","megamenu_5_submenu_1_heading":"What's Exclusive","megamenu_5_submenu_1":"footer","megamenu_5_submenu_2_heading":"The Hottest Gear","megamenu_5_submenu_2":"footer","megamenu_5_submenu_3_heading":"Don't Miss","megamenu_5_submenu_3":"","megamenu_5_submenu_4_heading":"Costumes","megamenu_5_submenu_4":"","megamenu_5_submenu_5_heading":"Submenu 5","megamenu_5_submenu_5":"","megamenu_5_submenu_6_heading":"Submenu 6","megamenu_5_submenu_6":"","megamenu_5_submenu_7_heading":"Submenu 7","megamenu_5_submenu_7":"","megamenu_5_submenu_8_heading":"Submenu 8","megamenu_5_submenu_8":"","megamenu_5_submenu_9_heading":"Submenu 9","megamenu_5_submenu_9":"","megamenu_6_enable":false,"megamenu_6_icon_enable":false,"megamenu_6_text":"Shop","megamenu_6_default_collection":"","megamenu_6_submenu_1_heading":"Womens Clothing","megamenu_6_submenu_1":"","megamenu_6_submenu_2_heading":"Mens Clothing","megamenu_6_submenu_2":"","megamenu_6_submenu_3_heading":"Don't Miss","megamenu_6_submenu_3":"","megamenu_6_submenu_4_heading":"Costumes","megamenu_6_submenu_4":"","megamenu_6_submenu_5_heading":"Submenu 5","megamenu_6_submenu_5":"","megamenu_6_submenu_6_heading":"Submenu 6","megamenu_6_submenu_6":"","megamenu_6_submenu_7_heading":"Submenu 7","megamenu_6_submenu_7":"","megamenu_6_submenu_8_heading":"Submenu 8","megamenu_6_submenu_8":"","megamenu_6_submenu_9_heading":"Submenu 9","megamenu_6_submenu_9":"","megamenu_7_enable":false,"megamenu_7_icon_enable":false,"megamenu_7_text":"Shop","megamenu_7_default_collection":"","megamenu_7_submenu_1_heading":"Womens Clothing","megamenu_7_submenu_1":"","megamenu_7_submenu_2_heading":"Mens Clothing","megamenu_7_submenu_2":"","megamenu_7_submenu_3_heading":"Don't Miss","megamenu_7_submenu_3":"","megamenu_7_submenu_4_heading":"Costumes","megamenu_7_submenu_4":"","megamenu_7_submenu_5_heading":"Submenu 5","megamenu_7_submenu_5":"","megamenu_7_submenu_6_heading":"Submenu 6","megamenu_7_submenu_6":"","megamenu_7_submenu_7_heading":"Submenu 7","megamenu_7_submenu_7":"","megamenu_7_submenu_8_heading":"Submenu 8","megamenu_7_submenu_8":"","megamenu_7_submenu_9_heading":"Submenu 9","megamenu_7_submenu_9":"","megamenu_8_enable":false,"megamenu_8_icon_enable":false,"megamenu_8_text":"Shop","megamenu_8_default_collection":"","megamenu_8_submenu_1_heading":"Womens Clothing","megamenu_8_submenu_1":"","megamenu_8_submenu_2_heading":"Mens Clothing","megamenu_8_submenu_2":"","megamenu_8_submenu_3_heading":"Don't Miss","megamenu_8_submenu_3":"","megamenu_8_submenu_4_heading":"Costumes","megamenu_8_submenu_4":"","megamenu_8_submenu_5_heading":"Submenu 5","megamenu_8_submenu_5":"","megamenu_8_submenu_6_heading":"Submenu 6","megamenu_8_submenu_6":"","megamenu_8_submenu_7_heading":"Submenu 7","megamenu_8_submenu_7":"","megamenu_8_submenu_8_heading":"Submenu 8","megamenu_8_submenu_8":"","megamenu_8_submenu_9_heading":"Submenu 9","megamenu_8_submenu_9":"","sale_button_option":"sale_button_option_four","product_layout_option":"product_one","badges_enable":true,"badges_enable_product":true,"footer_first_row_bg_color":"#e7f5f8","footer_first_row_font_color":"#6e797a","footer_first_row_font_size":"16px","footer_first_row_font_style":"400","footer_first_row_title_font_color":"#6e797a","footer_first_row_title_font_size":"22px","footer_first_row_title_font_style":"600","footer_first_row_display":true,"footer_guarantee_box_display":true,"guarantee_box_heading_text":"Unhappy With Your Product? We'll Take It Back!","guarantee_box_info_text":"We stand by our high-quality products and your satisfaction is 100% guaranteed.","color_footer_social_link":"#bbbbbb","footer_checkout_display":true,"footer_checkout_single":true,"checkout_box_heading_text":"Secure Checkout","checkout_box_info_text":"We use encrypted SSL security to ensure that your credit card information is 100% protected.","ff-checkout-visa-enable":true,"ff-checkout-mastercard-enable":true,"ff-checkout-americanexp-enable":true,"ff-checkout-discover-enable":true,"ff-checkout-paypal-enable":true,"ff-checkout-shopify-enable":true,"footer_second_row_bg_color":"#888888","footer_second_row_font_color":"#ffffff","footer_second_row_font_size":"10px","footer_second_row_font_style":"400","footer_second_row_title_font_color":"#ffffff","footer_second_row_title_font_size":"22px","footer_second_row_title_font_style":"400","footer_second_row_phone_font_color":"#f45a2b","footer_second_row_phone_font_size":"25px","footer_second_row_phone_font_style":"700","footer_phone_heading_font_size":"25px","footer_phone_heading_font_style":"700","menu_font_color-1":"#ffffff","footer_opt_in_button_bg":"#b5da42","footer_opt_in_button_font_color":"#ffffff","checkbox_font_color":"#000000","checkbox_link_font_color":"#000000","footer_second_row_display":true,"footer_linklist":"footer-1","newslatter_form_show":true,"usecustomphoneiconforfooter":false,"social_icons_enabled":true,"twitter_url":"#","facebook_url":"https:\/\/www.facebook.com\/groups\/shoptimized\/","pinterest_url":"#","instagram_url":"#","google_url":"#","tumblr_url":"#","youtube_url":"https:\/\/www.youtube.com\/channel\/UCTrD95fOki18PO9Ift5ZbHg\/videos","vimeo_url":"#","popup_enable":true,"popup_disable_mobile":false,"popup_randomly_collection":"all","bottom_message":"Purchased a","bottom_interval":"15","upsell_popup_enable":false,"free_product":"fishing-makes-me-happy-you-not-so-much-fishing-mug","upsell_headline_text":"Grab 2 & Get This Free Item","yes_button_text":"YES! I WANT THIS SPECIAL OFFER","no_button_text":"No Thanks, I Just Want One","quantity_upsell":"1","product_title_color":"#080000","product_title_font_size":"28px","product_title_font_style":"600","product_price_color":"#000000","product_price_font_size":"28px","product_price_font_style":"700","product_c_price_color":"#a49696","product_c_price_font_size":"25px","product_c_price_font_style":"600","product_tabs_font_size":"25px","enable_product_progressbar":true,"product_progressbar_style":"2","display_quantity_count_real":false,"enable_total_quantity":true,"enable_progressbar_text":true,"enable_progressbar_text_value":"Quantity Remaining:","show_progressbar_on_cands":false,"progress_bar_text_color":"#0e0e0e","progress_bar_text_font_size":"19px","progress_bar_text_font_style":"400","progress_bar_bg_color":"#e80d0d","progress_bar_fill_bg_color":"#fcfcfc","progress_bar_fill_bg_color_danger":"#ee5f5b","quantity_color":"#000000","quantity_text_font_size":"16px","quantity_text_font_style":"600","showyourprice":true,"zoommodeonoff":true,"zoomexpand":true,"zoomon":"hover","display_sku":false,"notify_me_form":true,"notify_text":"Notify me when this product is available","notify_email_placeholder":"Email Address","notify_button":"Alert Me","stickycartenable":true,"stickycartdisablemobile":false,"size_chart_link_color":"#2c9240","size_chart_link_font_size":"15px","size_chart_link_font_style":"600","progress_bar_height":"5","atc_cart_style":"slide","cart_button_fullwidth":false,"animate_cart_button":true,"enable_checkout_icon":true,"enable_custom_checkout_icon":true,"add_to_cart_bg_color":"#b6d631","add_to_cart_font_color":"#ffffff","add_to_cart_hover_bg_color":"#abc943","add_to_cart_hover_font_color":"#ffffff","add_to_cart_font_size":"16px","add_to_cart_font_style":"700","add_to_cart_button_text":"Add to Cart","freeshipping_add_to_cart_button_text":"BUY NOW & SHIPS FREE","atc_to_cart_button":false,"adding_to_cart_button_text":"Adding to cart ...","added_to_cart_button_text":"Item Added to Cart","visitor_counter_enable":true,"visitor_counter_text_after":"Viewing This Product","visitor_counter_min":"2","visitor_counter_max":"11","enable_image_zoom":true,"display_quantity_dropdown":true,"show_saved_amount":true,"show_compare_price":true,"show_related_products":true,"benifit_bullets":true,"enable_checklist":true,"variant_swatch":false,"video_embading":true,"option_error_in":true,"thumb_as_slider":true,"product_personalisation":true,"show_recent_products":true,"recent_products_heading":"Recently Viewed","recent_products_number_of":"6","display_sizing_chart":true,"sizing_chart_page":"","benifit_bullet_color":"#000","product_description":false,"product_desc_below_link":"#","social_sharing_products":true,"social_sharing_products_mobile":true,"share_facebook":true,"share_twitter":true,"share_pinterest":true,"share_fancy":true,"share_google":true,"product_we_ship_fast_hide":false,"product_we_ship_fast":"Optional text entry","product_hide_motivator_text":true,"product_motivator_text":"Free Shipping For Over $x to","enable_free_shipping_on_product_page":true,"promotion_display_user_country":true,"product_flash_sold_enable":true,"flash_sold_text_color":"#f03c07","flash_sold_text_font_size":"16px","flash_sold_font_style":"600","flash_sold_min_qty":"10","flash_sold_max_qty":"15","flash_sold_min_time":"24","flash_sold_max_time":"24","p_tag_enable":true,"p_tag_emoji_flash":true,"p_tag_text_color":"#f03c07","p_tag_text_font_size":"16px","p_tag_font_style":"600","p_tag_min_per":"81","p_tag_max_per":"94","p_tag_text":"of customers buy 2 or more","enable_countdown_timer":true,"countdown_timer_text":"Hurry, Offer Ends in:","countdown_timer_text_color":"#1ced80","countdown_timer_text_font_size":"34px","countdown_timer_text_font_style":"600","timer_model":"timer_model_2","modeltimer3":"27000","tab_bg":"#f8f8f8","tab_border":"#dddcdc","tab_title_selected_border":"#b4d641","tab_title_font":"#606060","tab_title_font_size":"17px","tab_title_font_style":"400","enable_product_tabs":true,"enable_description_tab":true,"product_description_tab_heading":"Description","default_tab":"0","enable_shipping_tab":true,"shipping_tab_header":"Shipping","enable_country_flag":true,"shipping_text":"This Item Ships to","enable_delivery_option":true,"delivery_text":"Delivery","delivery_text_1":"Estimated between","delivery_start":"3","delivery_end":"5","delivery_cutoff":"16:00:00","delivery_off_days":"SUN","delivery_info_text":"Will usually ship within 1 business day.","productreview":"shopify_reviews","enable_product_review":true,"show_reviews_seperate":false,"product_review_tab_heading":"Reviews","display_review_star_product":true,"display_review_star_collection":true,"enable_tab_1":true,"tab_1_heading":"Specification","tab_1_text":"Product tabs can be either universal or customized on a per product basis. You can also embed any imagery and videos here also.","enable_tab_2":true,"tab_2_heading":"Delivery and Returns","tab_2_text":"<p>\n<\/p><table width=\"100%\">\n<tbody>\n<tr>\n<td><img src=\"\/\/cdn.shopify.com\/s\/files\/1\/0981\/6784\/files\/shipping-times_small.png?15790463219331670855\"><\/td>\n <td>      <\/td>\n<td>\n<div><meta charset=\"utf-8\"><\/div>\n<p><b>Please allow 10 days for your order to arrive. <\/b>We source products from all over the world to bring you epic offers and the lowest prices. This means sometimes you have to wait a little longer to get your order but it's always worth it!<\/p>\n<\/td>\n<\/tr>\n<tr>\n<td><img src=\"\/\/cdn.shopify.com\/s\/files\/1\/0981\/6784\/files\/easy_returns_small.png?18284933676961159206\"><\/td>\n<td><\/td>\n<td>\n<div><meta charset=\"utf-8\"><\/div>\n<p><strong>Returns are easy<\/strong>, simply <a contact-us=\"\" target=\"_blank\" title=\"Contact Us\">contact us<\/a> for a returns number and send your item to our returns centre for fast processing. We'll get you a replacement or refund in a snap!<\/p>\n<\/td>\n<\/tr>\n<\/tbody>\n<\/table>","enable_tab_3":true,"tab_3_heading":"Why Buy From Us","tab_3_text":"<strong>Here are 5 more great reasons to buy from us:<\/strong><p><\/p>\nso\n<table width=\"100%\">\n<tbody>\n<tr>\n<td><img src=\"\/\/cdn.shopify.com\/s\/files\/1\/1291\/3935\/t\/34\/assets\/topreasons_2_image.png?12523148787550420278\" alt=\"\"><\/td>\n<td>    <\/td>\n<td>\n<div><meta charset=\"utf-8\"><\/div>\n<p><strong>You get a full 365 days to return your item<\/strong> to us. If it doesn't fit, it breaks, you've changed your mind or for no reason whatsoever simply send it back to us and we'll cheerfully refund you every cent.<\/p>\n<\/td>\n<\/tr>\n<tr>\n<td><img src=\"\/\/cdn.shopify.com\/s\/files\/1\/1291\/3935\/t\/34\/assets\/topreasons_4_image.png?17899245814651362506\" alt=\"\"><\/td>\n<td><\/td>\n<td>\n<div><meta charset=\"utf-8\"><\/div>\n<p><strong>Returns are easy<\/strong>, simply <a href=\"\/contact-us%22\" target=\"_blank\" title=\"Contact Us\">contact us<\/a> for a returns number and send your item to our returns centre for fast processing. We'll get you a replacement or refund in a snap!<\/p>\n<\/td>\n<\/tr>\n<tr>\n<td><img src=\"\/\/cdn.shopify.com\/s\/files\/1\/1291\/3935\/t\/34\/assets\/lowerst-price_5_image.png?10498302683113658376\" alt=\"\"><\/td>\n<td><\/td>\n<td>\n<div><meta charset=\"utf-8\"><\/div>\n<p><strong>In the unlikely event that you find your item cheaper at another online store<\/strong>, just let us know and we'll beat the competitor's pricing hands-down.<\/p>\n<\/td>\n<\/tr>\n<tr>\n<td><img src=\"\/\/cdn.shopify.com\/s\/files\/1\/1291\/3935\/t\/34\/assets\/topreasons_3_image.png?1230583278367123527\" alt=\"\"><\/td>\n<td><\/td>\n<td>\n<div><meta charset=\"utf-8\"><\/div>\n<p><strong>We insist that you love everything you buy from us<\/strong>. If you're unhappy for any reason whatsoever, just let us know and we'll bend over backwards to make things right again.<\/p>\n<\/td>\n<\/tr>\n<tr>\n<td><img src=\"\/\/cdn.shopify.com\/s\/files\/1\/1291\/3935\/t\/34\/assets\/topreasons_1_image.png?1230583278367123527\" alt=\"\"><\/td>\n<td><\/td>\n<td>\n<div><meta charset=\"utf-8\"><\/div>\n<strong>Ordering from [yourstorename] is 100% safe and secure<\/strong> so you can rest easy. Your personal details are never shared, sold or rented to anyone either.<\/td>\n<\/tr>\n<\/tbody>\n<\/table>\n<p><\/p>\n<p style=\"padding-left: 30px;\"><\/p>","enable_tab_4":false,"tab_4_heading":"Other 1","tab_4_text":"OTHER 1","enable_tab_5":false,"tab_5_heading":"Other 2","tab_5_text":"OTHER 2","topreasons_display":true,"topreasons_display_position":"right","cart_topreasons_display":true,"display_topreasons_counter":true,"display_topreasons_text":false,"topreasons_text":"Great reasons to buy from us:","reason_buy_text_align":"center","topreasons_1_display":true,"topreasons_1":"Secure Ordering","topreasons_2_display":true,"topreasons_2":"365-Day Money-Back Guarantee","topreasons_3_display":true,"topreasons_3":"100% Satisfaction Guaranteed","topreasons_4_display":true,"topreasons_4":"Easy Returns","topreasons_5_display":true,"topreasons_5":"Free shipping (when you spend over XXX)","topreasons_6_display":false,"topreasons_6":"Free shipping (when you spend over XXX)","topreasons_7_display":false,"topreasons_7":"Free shipping (when you spend over XXX)","showtitle":false,"resizeimages":false,"imagewidth":"200","collectionproductfont":"16px","collectionproductfontstyle":"300","collectionproductcolor":"#414141","collectionproductpricefont":"18px","collectionproductpricefontstyle":"300","collectionproductpricecomparefont":"15px","collectionproductpricecomparefontstyle":"400","save_bar_bg":"#49acd5","save_bar_font":"#ffffff","collection_breadcrumb":true,"collection_tags":false,"collection_sort":true,"enable-filters":true,"products_per_row":"4","mobile_products_per_row":"2","collection_height":"500","collections_quickview":true,"product_display_second_image":true,"product_transition":false,"collections_products":false,"collections_pagination_items":"48","enable_shipping_threshold":true,"national_country":"USD","national_shipping":"$49","international_shipping":"$99","free_shipping_text":"Spend XX to Qualify For Free Shipping","free_shipping_text_free":"You Have Achieved Free Shipping","cross_sell":false,"show_upsell_related_collection1":"","show_upsell_related_collection2":"","show_upsell_related_collection3":"","show_upsell_related_collection4":"","show_upsell_related_collection5":"","show_upsell_related_collection6":"","show_upsell_related_collection7":"","show_upsell_related_collection8":"","related_popup_heading":"Use XX placeholder to display the purpose of free shipping","related_popup_heading_free_shipping":"You Have Qualified For Free Shipping","related_popup_heading_font_color":"#000000","related_popup_heading_font_size":"14","related_popup_text":"Customer who have also purchased","related_popup_text_font_color":"#000000","related_popup_text_font_size":"14","r_continue_shoping_color":"#fff","r_view_cart_color":"#fff","r_checkout_color":"#fff","cart_title_bg":"#f8f8f8","cart_title_font":"#2e2e2e","show_continue_browsing_button":false,"cartcustom_text":"SAVE5NOW","percentage":"5%","cart_help":false,"cart_help_page":"","cart_related":true,"cart_related_collection":"","cart_notes_enable":false,"cart_vendor_enable":false,"cart_shipping":false,"shipping_calculator_heading":"Get shipping estimates","shipping_calculator_default_country":"Canada","shipping_calculator_submit_button_label":"Calculate Shipping","shipping_calculator_submit_button_label_disabled":"Calculating...","cart_timer_enable":true,"cart_timer_title":"Cart will expire in","cart_timer_minute":600,"cart_timer_color":"#f03c07","enable_cartstrip_text":true,"free_shipping_text_cart_page":"Free shipping when you order over XX","free_shipping_text_free_cart_page":"You Have Qualified for Free Shipping","curreny_notice_1":"All orders are processed in","curreny_notice_2":". While the content of your cart is currently displayed in","curreny_notice_3":", you will checkout using","curreny_notice_4":"at the most current exchange rate.","shipping_estimation_1":"Order in the next","shipping_estimation_2":"to get it by","text_color_desk":"#fff","text_color_mobile":"#000","show_multiple_currencies":true,"show_abbreviation":false,"show_currency_flag":true,"currency_format":"money_with_currency_format","supported_currencies":"USD JPY CAD INR GBP EUR AUD","default_currency":"USD","thankyou_page":"","thankyou_collection":"","404_heading":"#f03dc8","404_heading_font_size":"64px","404_heading_font_style":"700","404_sub_heading":"#f0723d","404_sub_heading_font_size":"24px","404_sub_heading_font_style":"700","404_text":"#000000","404_step_counter_bg":"#f0723d","404_step_counter_text":"#ffffff","404_text_font_size":"20px","404_text_font_style":"400","404_page":"","404_page_title":"We can't find the page you requested (sorry)...","404_page_sub_title":"BUT don't fret... Here are 4 tips for finding it...","display_404_search_form":true,"search_form_head_text_404":"","help_text_url_type":"<strong>If you typed in a URL...<\/strong> make sure the spelling, cApitALiZaTiOn, and punctuation are correct. Then try reloading the page.","help_text_speak":"<strong>Speak to one of our ridiculously helpful [insert your niche] Experts<\/strong> and they'll scour our product list for what you need (even if it's not on our website).","display_404_speak_image":true,"speak_to_image_link":"#","display_404_collections":true,"search_heading":"#f0723d","search_heading_font_size":"64px","search_heading_font_style":"700","search_sub_heading":"#f0723d","search_sub_heading_font_size":"24px","search_sub_heading_font_style":"700","search_text":"#000000","search_step_counter_bg":"#f0723d","search_step_counter_text":"#ffffff","search_text_font_size":"20px","search_text_font_style":"400","search_page":"","search_page_title":"We can't find what you're looking for (sorry)...","search_page_sub_title":"BUT don't fret... Here are 4 tips for finding it...","display_search_search_form":true,"search_form_head_text_search":"","search_help_text_url_type":"<strong>If you typed in a keyword...<\/strong> make sure the spelling, cApitALiZaTiOn, and punctuation are correct. Then try again.","search_help_text_speak":"<strong>Speak to one of our ridiculously helpful [insert your niche] Experts<\/strong> and they'll scour our product list for what you need (even if it's not on our website).","display_search_speak_image":true,"search_speak_to_image_link":"#","display_search_collections":true,"contact_page_title":"3 Easy Ways To Get In Touch","help_text_contact":"Our happily helpful [Insert Your niche] Experts are on hand if you need them, whichever way you contact us.","hidecontactfromcontact":false,"contact_availability":"Mon-Sat 9am-5pm Eastern","contact_phone_1":"1-234-567-1234","contact_phone_2":"","contact_phone_3":"","contact_email":"happytohelp@yourdomain.com","physical_mailing_address_lable":"","physical_mailing_address":"","display_contact_form":true,"display_live_chat":true,"live_chat_url":"#","display_track_form":true,"display_faqs_link":true,"faq_page":"","marketing_hotjar":"","marketing_googleadwords":"","marketing_googlewebmaster":"","marketing_googletagmanager":"","marketing_bingwebmaster":"","marketing_convert":"","marketing_additionalone":"","code_placement_option_for_additionalone":"bottom","marketing_additionaltwo":"","code_placement_option_for_additionaltwo":"top","marketing_additionalthree":"","code_placement_option_for_additionalthree":"top","marketing_additionalfour":"","code_placement_option_for_additionalfour":"top","sort-dropdown-a-check":true,"filter1heading":"Color","sort_a":"red, black, blue","sort-dropdown-b-check":true,"filter2heading":"Size","sort_b":"S, M, L, XXL","sort-dropdown-c-check":true,"filter3heading":"Brand","sort_c":"Out From Under, Sands & Hall, Adidas, Shoptimized","enable_exitpopup":false,"exitpopup_heading":"10% off !","exitpopup_text":"When you complete your order in next:","discountcode":"SAVE10","exitdate":"27000","enable_topcbar":true,"topcbar_bg_color":"#3d3d3d","topcbar_text_color":"#ffffff","topcbar_code_color":"#f45a2b","enable_entrytpopup":false,"showlogopopup":true,"newsletter_popup_seconds":"10","newsletter_popup_days":"2","newsletter_popup_max_width":"600","entrypopup_heading":"Get <span>$10 Off<\/span>","entrypopup_text":"Your First Purchase <a href=\"javascript:;\">Over $30<\/a>","entrydate":"27000","entrypopup_button":"Get $10","entrypopup_bottomtext":"<li>By clicking the button you'll<\/li>\n            \t<li>1) you'll confirm you're a genius<\/li>\n            \t<li>2) be kept in the loop about the latest gear and deals.<\/li>","checkmark_agree_text_color":"#000","newslatter_type":"","mailchimpURL":"","mailchimpUID":"","mailchimpID":"","newslatter_klaviyo_id":"","newslatter_heading":"Stay In The Loop","newslatter_text":"Become a [yourstorename] Insider and get 10% off your order today. Plus we'll keep you up-to-date with the latest theme news.","newslatter_coupan":"Thanks for signing up!","coupan":"FT68LD435","newslatter_btn_text":"KEEP ME IN THE LOOP","paypalbutton":true,"blog_posts_per_page":"12","blog_articles_per_row":"2","blogtitlesize":"40px","articletitlesize":"25px","articlecontentfont":"16px","readmorebuttonbg":"#000000","readmorebuttonTextcolor":"#ffffff","readmorebuttonTextfont":"20px","blog_breadcrumb":true,"blog_tags":true,"blog_author":true,"blog_date":true,"blog_comment_count":true,"sidebar_enabled":true,"blog_search":true,"blog_newsletter":true,"display_recent_articles":true,"blog_sidebar_tags":true,"blog_content_page":"","disqus_enabled":true,"disqus_shortname":"SHop","deal_of_the_day_enabled":false,"deal_of_the_day_text":"DEAL OF THE DAY","deal_of_the_day_product_text":"DEAL OF THE DAY ENDS IN","deal_of_the_day_progressbar_color":"#f53333","enablebacktotop":true,"enablegeoip":true,"termscheck":true,"termstext":"I agree to subscribe to updates from [yourstorename] -","termslinktext":"Privacy Policy","termstextlink":"\/pages\/terms","termstext_warning":"You must agree with the terms and conditions to Submit!","free_shipping_text_model_popup":"Free shipping when you order over XX","free_shipping_text_free_model_popup":"ou Have Qualified for Free Shipping","lazyload":true,"checkout_header_image":"","checkout_use_storefront_logo":true,"checkout_logo_image":"","checkout_logo_position":"left","checkout_logo_size":"medium","checkout_body_background_image":"","checkout_body_background_color":"#fff","checkout_input_background_color_mode":"white","checkout_sidebar_background_image":"","checkout_sidebar_background_color":"#fafafa","checkout_heading_font":"Helvetica Neue","checkout_body_font":"Helvetica Neue","checkout_accent_color":"#627f9a","checkout_button_color":"#627f9a","checkout_error_color":"#ff6d6d","newslatter_mailchimp_url":"","zoommode":"inner","usingmailchimp":false,"klaviyoform":false,"klaviyohtml":"","related_popup_heading_font_family":"Arial","related_popup_text_font_family":"Arial","cart_logo":true,"sticky_cart_icon":"yes","ajax_cart_method":"drawer","mailchimpformurl":"","blogbuttoncolor":"#ffffff","blogbuttoncolorhover":"#ffffff","blogbuttoncolortext":"#000000","blogbuttoncolortexthover":"#000000","strip_link_bg_color":"#9a6262","social_sharing_count":false,"social_sharing_style":"is-large","footer_bg_color":"#000000","cartbuttonsticky":"true","strip_font_family":"Dosis","show_strip_shipping":true,"sticky_bar_style":"shipping","shipping_text_threshold":"You need to spend XX to get FREE SHIPPING","free_shipping_text_threshold":"You have free shipping.","enable_cart_free_shipping":true,"cart_popup_text":"Free shipping when you spend over $99","custom_header_height":true,"header_space":140,"strip_line_height":"40","poweredby":true,"newslatter_use_mailchimp":false,"termstextcontactm":"I agree to subscribe to all updates from Shoptimized","termscheckcontact":true,"termstextcontact":"Agree for terms and conditions.","termscheckentry":true,"termstextentry":"Agree for terms and conditions.","header_phone_number_prompt_font_color":"#868686","stickyheadermobile":true,"strip_link_hover_bg_color":"#89ba44","enable_banner_top":false,"sale_icon_link":"\/collection","color_borders":"#dddcdc","footer_video_bg_color":"#ffffff","footer_video_font_color":"#000000","footer_video_font_size":"15px","footer_video_font_style":"400","footer_video_title_color":"#f0723d","footer_video1_title_font_size":"28px","footer_video1_title_font_style":"600","footer_video2_title_font_size":"28px","footer_video2_title_font_style":"600","footer_video_display":true,"video1_title":"Theme Walkthrough","video1_iframe":"<iframe src=\"https:\/\/player.vimeo.com\/video\/219660222\" allowfullscreen=\"\"><\/iframe>","video1_caption":"Use captions to call-out the main benefits of watching the video.","video2_title":"How to Increase Your Store's Conversions","video2_iframe":"<iframe src=\"https:\/\/player.vimeo.com\/video\/171778210\" allowfullscreen><\/iframe>","video2_caption":"Use captions to reinforce benefits of your store or products.","footer_review_bg_color":"#ffffff","footer_quotation_mark_color":"#000000","footer_review_font_color":"#000000","footer_review_font_size":"17px","footer_review_title_color":"#f0723d","footer_review_title_font_size":"22px","footer_review_title_font_style":"600","footer_review_display":true,"footer_review_title":"Don't Take Our Word For it! Here's What Our Customers Think:","footer_review_1_text":"Put a compelling review here that talks-up your site or products","footer_review_1_user_text":"Joe Bloggs","footer_review_2_text":"Put a compelling review here that talks-up your site or products","footer_review_2_user_text":"Bob Sinclair","footer_review_3_text":"Put a compelling review here that talks-up your site or products","footer_review_3_user_text":"Dante Thomas","enable_header_strapline":"false","logo_strip_font_color":"#000000","logo_strip_font_family":"Arial","logo_strip_font_size":"14px","logo_strip_font_style":"400","logo_strip_line_height":"14","header_strapline_text":"Turn More Clicks Into Customers","enable_sticky_header":false,"minimal_sticky_header":true,"enable_sticky_header_mobile":true,"bottom_sticky_cart":true,"collections_left_side":true,"home_content_bg_color":"#ffffff","home_content_font_color":"#000000","home_content_font_size":"17px","home_content_title_color":"#cc6633","home_content_title_font_size":"22px","home_content_title_font_style":"600","homepage_page_1_display_title":true,"homepage_page_1":"","homepage_page_2_display_title":true,"homepage_page_2":"","home_featured_bg_color":"#ffffff","home_featured_font_color":"#000000","home_featured_title_color":"#cc6633","home_featured_title_font_size":"22px","home_featured_title_font_style":"600","featuredproducts_title":"Apparel","featuredproducts_collection":"","product_to_display":"6","home_carousel_bg_color":"#ffffff","home_carousel_font_color":"#000000","home_carousel_title_color":"#cc6633","home_carousel_title_font_size":"22px","home_carousel_title_font_style":"600","productscarousel_title":"Necklaces","productscarousel_collection":"","productscarousel_product_to_display":"6","home_promotion_bg_color":"#ffffff","home_promotion_font_color":"#000000","home_promotion_font_size":"25px","home_promotion_font_style":"400","home_promotion_title_color":"#cc6633","home_promotion_title_font_size":"42px","home_promotion_title_font_style":"600","home_promotion_hash_color":"#cc6633","home_promotion_hash_font_size":"30px","home_promotion_hash_font_style":"600","showallproducthome":"on","selectedcollectionli":"","newsletter_popup":true,"newsletter_popup_form":true,"newsletter_popup_page":"entry-popup","enable_quick_buy_cart_skip":"true","enable_product_cart_skip":false,"slider_heading_color":"#ff0000","slider_headings_size":"30","slider_headings_font_weight":"bold","slider_subheading_color":"#3e2e2e","slider_subheadings_size":"24","slider_subheadings_font_weight":"bold","slider_text_shadow":"true","slider_button_bg_color":"#ff0000","slider_button_font_color":"#ffffff","slider_button_hover_bg_color":"#b13232","slider_button_hover_font_color":"#ffffff","slider_button_size":"20","slider_button_font_weight":"bold","enabled_slideshow":"true","enabled_slideshow_in_mobile":"false","slideshow_animation":"fade","slideshow_full_width":"false","slideshow_arrows":"true","slideshow_speed":"10","video_slide_embed_code":"","video_max_width":"set","video_max_width_px":"","video_slide_position":"1","slide_1_enabled":"true","slide_1_alt_text":"","slide_1_heading":"Test This Out","slide_1_subheading":"Testing the Subhead","slide_1_text_align":"center","slide_1_text_align_v":"bottom","slide_1_button_text":"","slide_1_link":"","slide_2_enabled":"true","slide_2_alt_text":"","slide_2_heading":"","slide_2_subheading":"","slide_2_text_align":"right","slide_2_text_align_v":"bottom","slide_2_button_text":"","slide_2_link":"","slide_3_enabled":"true","slide_3_alt_text":"","slide_3_heading":"","slide_3_subheading":"","slide_3_text_align":"center","slide_3_text_align_v":"top","slide_3_button_text":"","slide_3_link":"","slide_4_enabled":"true","slide_4_alt_text":"","slide_4_heading":"","slide_4_subheading":"","slide_4_text_align":"left","slide_4_text_align_v":"top","slide_4_button_text":"","slide_4_link":"","slide_5_enabled":"true","slide_5_alt_text":"","slide_5_heading":"","slide_5_subheading":"","slide_5_text_align":"left","slide_5_text_align_v":"top","slide_5_button_text":"","slide_5_link":"","slide_6_enabled":"false","slide_6_alt_text":"","slide_6_heading":"","slide_6_subheading":"","slide_6_text_align":"left","slide_6_text_align_v":"top","slide_6_button_text":"","slide_6_link":"","position_2":"7","position_3":"0","position_4":"3","position_5":"4","position_6":"5","position_7":"6","position_8":"0","home_review_bg_color":"#ffffff","quotation_mark_color":"#000000","home_review_font_color":"#000000","home_review_font_size":"17px","home_review_title_color":"#f0723d","home_review_title_font_size":"22px","home_review_title_font_style":"600","review_title":"Don't Just Take Our Word For it! Here's What Our Customers Think:","review_1_text":"Put a compelling review here that talks-up your site or products","review_1_user_text":"Joe Bloggs","review_2_text":"Put a compelling review here that talks-up your site or products","review_2_user_text":"Jenny Smith","review_3_text":"Put a compelling review here that talks-up your site or products","review_3_user_text":"Bob Sinclair","home_marketing_bg_color":"#ffffff","marketing1_link":"#","marketing2_link":"#","marketing3_link":"#","marketing4_link":"","promotion_title":"Want to Win Cool Prizes?","promotion_hashtag":"#HASHTAG","promotion_moretext":"Take a selfie with our product and email it to happytohelp@yourdomain.com to win!","promotion_image1_display":true,"promotion_image2_display":true,"promotion_image3_display":true,"promotion_image4_display":true,"promotion_image5_display":false,"promotion_image6_display":false,"promotion_image7_display":false,"promotion_image8_display":false,"promotion_image9_display":false,"promotion_image10_display":false,"promotion_image11_display":false,"promotion_image12_display":false,"promotion_image13_display":false,"promotion_image14_display":false,"promotion_image15_display":false,"read_more_link":"true","blog_additional_articles":"true","slideshow_article_enabled":"true","slideshow_article_darken":"false","exitpopup_action":"","show-all-product-home":"on","selected_collection_li":"activewear","strip_carttext":"Free shipping when you spent over $99","strip_cart_bg_color":"#627f9a","strip_cart_color":"#a7a7a7","strip_cart_hover_bg_color":"#ffffff","strip_cart_hover_color":"#ffffff","collections_pagination":true,"product_review_tab_position":"0","slider_subheadings_weight":"normal","slider_banner_color":"#ffffff","product_disposition_style":"product_disposition_style_two","visitor_counter_text_before":"Real Time","megamenu_1_submenu_10_heading":"Submenu 10","megamenu_1_submenu_10":"main-menu","megamenu_1_custom_link_1_text":"Gift Cards","megamenu_1_custom_link_1_collection":"frontpage","megamenu_1_custom_link_2_text":"Free Gift","megamenu_1_custom_link_2_collection":"frontpage","megamenu_1_custom_link_3_text":"Custom Link 3","megamenu_1_custom_link_3_collection":"frontpage","megamenu_1_custom_link_4_text":"Custom Link 4","megamenu_1_custom_link_4_collection":"frontpage","megamenu_1_custom_link_5_text":"Custom Link 5","megamenu_1_custom_link_5_collection":"frontpage","megamenu_2_submenu_10_heading":"Submenu 10","megamenu_2_submenu_10":"","megamenu_2_custom_link_1_text":"Top Sellers","megamenu_2_custom_link_1_collection":"","megamenu_2_custom_link_2_text":"Free Gift","megamenu_2_custom_link_2_collection":"","megamenu_2_custom_link_3_text":"Custom Link 3","megamenu_2_custom_link_3_collection":"","megamenu_2_custom_link_4_text":"Custom Link 4","megamenu_2_custom_link_4_collection":"","megamenu_2_custom_link_5_text":"Custom Link 5","megamenu_2_custom_link_5_collection":"","megamenu_3_submenu_10_heading":"Submenu 10","megamenu_3_submenu_10":"","megamenu_3_custom_link_1_text":"Top Sellers","megamenu_3_custom_link_1_collection":"","megamenu_3_custom_link_2_text":"Free Gift","megamenu_3_custom_link_2_collection":"","megamenu_3_custom_link_3_text":"Custom Link 3","megamenu_3_custom_link_3_collection":"","megamenu_3_custom_link_4_text":"Custom Link 4","megamenu_3_custom_link_4_collection":"","megamenu_3_custom_link_5_text":"Custom Link 5","megamenu_3_custom_link_5_collection":"","megamenu_4_submenu_10_heading":"Submenu 10","megamenu_4_submenu_10":"","megamenu_4_custom_link_1_text":"Top Sellers","megamenu_4_custom_link_1_collection":"","megamenu_4_custom_link_2_text":"Free Gift","megamenu_4_custom_link_2_collection":"","megamenu_4_custom_link_3_text":"Custom Link 3","megamenu_4_custom_link_3_collection":"","megamenu_4_custom_link_4_text":"Custom Link 4","megamenu_4_custom_link_4_collection":"","megamenu_4_custom_link_5_text":"Custom Link 5","megamenu_4_custom_link_5_collection":"","megamenu_5_submenu_10_heading":"Submenu 10","megamenu_5_submenu_10":"","megamenu_5_custom_link_1_text":"Top Sellers","megamenu_5_custom_link_1_collection":"","megamenu_5_custom_link_2_text":"Free Gift","megamenu_5_custom_link_2_collection":"","megamenu_5_custom_link_3_text":"Custom Link 3","megamenu_5_custom_link_3_collection":"","megamenu_5_custom_link_4_text":"Custom Link 4","megamenu_5_custom_link_4_collection":"","megamenu_5_custom_link_5_text":"Custom Link 5","megamenu_5_custom_link_5_collection":"","enable_timer_model":"timer_model1","sale_button_option_one_color":"","sale_button_option__text_one_color":"#fff","buy_button_color":"","buy_button_text_color":"#fff","cart_enable":false,"cart_title":"","search_form_head_text":"","speak_to_search_image_link":"","product_hide_tabs":false,"product_hide_description_tab":false,"product_hide_tab_1":false,"product_tab_1_heading":"SPECIFICATION","product_tab_1_text":"","product_hide_tab_2":false,"product_tab_2_heading":"DELIVERY AND RETURNS","product_tab_2_text":"","product_hide_tab_3":false,"product_tab_3_heading":"WHY BUY FROM US","product_tab_3_text":"","product_hide_tab_4":false,"product_tab_4_heading":"OTHER 1","product_tab_4_text":"","product_hide_tab_5":false,"product_tab_5_heading":"OTHER 2","product_tab_5_text":"","enable_timer_stg_on":"enable_timer_stg_on","enable_timer_top_message":false,"timer_top_message_value_before":"HURRY! ONLY [num] LEFT!","timer_top_message_value_num":0,"timer_top_message_value_after":"LEFT!","variant_on_mobile":true,"progress_bar_timer_bg_color":"#f0723d","add_to_cart_text_color":"#ffffff","counter_visitor_bg":"#f2f2f2","counter_visitor_color":"#636363","footer_reviews_bg_color":"#ffffff","footer_reviews_font_color":"#000000","footer_font_size":"12px","home_contant_bg_color_1":"#ffffff","home_contant_font_color_1":"#000000","home_contant_bg_color_2":"#ffffff","home_contant_font_color_2":"#000000","home_carousel2_bg_color":"#ffffff","home_carousel2_font_color":"#000000","footer_font_color":"#ffffff","footer_phone_font_color":"#ffffff","footer_first_row_head_font_size":"15px","home_marketing_font_color":"#000000","home_review_full_width":"1","topbar_font_size":"14px","strapline_font_color":"#262626","use_google_font":false,"topbar_bg_color":"#FAFAFA","topbar_text_color":"#000000","topbar_link_bg_color":"#FAFAFA","topbar_link_color":"#000000","topbar_link_hover_bg_color":"#f0723d","topbar_hover_link_color":"#FFFFFF","topbar_linklist":"","enable_topbar_text":true,"topbar_text":"Add call-to-action text or link goes here","topbar_url":"#","question_line_font_color":"#868686","time_font_color":"#868686","header_bg":"#44d37a","menu_color_primary":"#204a80","menu_other_color_primary":"#204a80","home_product_bg_color":"","color_footer_bg":"#f2f2f2","color_footer_text":"#636363","color_footer_share_icon":"#ED1C24","header_strip":false,"header_strip_bg":"","header_strip_color":"","header_strip_text":"","buttom_message":"","popup_message":"","popup_product_title_olor":"","not_button_text":"","upsell_popup_color":"","upsell_headline_color":"","button_yes_color":"","button_no_color":"","slider_enable1":false,"slider_enable2":false,"slider_enable3":false,"slider_enable4":false,"home_products":"","sorting_enable":false,"product_per_row":"","products_per_page":false,"filter_by_tags":false,"ProgressBar_bg_color":"","ProgressBar_timer_bg_color":"","enable_timer_stg":"enable_timer_stg_2","enable_timer_stg_custom":0,"footer_above_enable":false,"footer_above_header1":"","footer_above_text1":"","footer_above_header2":"","footer_above_text2":"","footer_social_enable":true,"footer-4-heading":"","footer-4-content":"","footer":"","footer-1":"","footer-2":"","social_twitter_link":"","social_facebook_link":"","social_youtube_link":"","social_instagram_link":"","footer_newsletter_enable":true,"newsletter_form_action":"","footer_show_methods_of_payment":"","pay_visa":false,"pay_master":false,"pay_american_express":false,"pay_paypal":false,"pay_diners_club":"","pay_discover":"","buttom-footer-4-heading":"","buttom-footer-4-content":"","twittercard_handle":"","use_retina_images":false,"megamenu_enable":false,"header_promo":false,"menu_font_family":"Arial","description_font_family":"Arial","title_font_family":"Arial","button_font_family":"Arial","body_font_family":"Arial","cart_button_bg":"","cart_button_color":"","sections":{"header":{"type":"header","settings":{}},"footer":{"type":"footer","settings":{}},"collection-template":{"type":"collection-template","settings":{}},"product-template":{"type":"product-template","settings":{}},"cart-template":{"type":"cart-template","settings":{"sec_btn_bg":"#629a6b","sec_btn_font":"#ffffff","sec_bnt_font_hover":"#000000"}},"creative_banner":{"type":"creative_banner","blocks":{"1505917524230":{"type":"slides","settings":{"slider_image_headline":"Sexy Dessous","slider_image":"","slider_url":"#","slider_description":"","slider_cta_txt":""}},"1505917527886":{"type":"slides","settings":{"slider_image_headline":"Sexy Dessous","slider_image":"","slider_url":"","slider_description":"","slider_cta_txt":""}},"1505917529296":{"type":"slides","settings":{"slider_image_headline":"Sexy Dessous","slider_image":"","slider_url":"","slider_description":"","slider_cta_txt":""}},"1505917530982":{"type":"slides","settings":{"slider_image_headline":"Sexy Dessous","slider_image":"","slider_url":"","slider_description":"","slider_cta_txt":""}}},"block_order":["1505917524230","1505917527886","1505917529296","1505917530982"],"settings":{"banner_on_off":"off"}},"1512472949407":{"type":"collection","settings":{"title":"Featured Collection 1","collection":"square-images","grid":9}},"1512476085247":{"type":"homepage-promotion","blocks":{"1525585927272":{"type":"image","settings":{"image":"shopify:\/\/shop_images\/m9_0f64d8b97eb26c886de891b7fb61d310.jpg"}},"1525585970213":{"type":"image","settings":{"image":"shopify:\/\/shop_images\/m8_5b473d3a5affea292489cac9d409041c.jpg"}},"1525585980175":{"type":"image","settings":{"image":"shopify:\/\/shop_images\/m7_5b9c4d0677c9c16999c18fef05e67062.jpg"}},"1525585991589":{"type":"image","settings":{"image":"shopify:\/\/shop_images\/m6_e44c990d83c6e36d857c0687115248ee.jpg"}},"1525586001226":{"type":"image","settings":{"image":"shopify:\/\/shop_images\/m5_a0eaf930-b7a3-4400-85b4-a6d0f8c5886e.jpg"}},"1525586012228":{"type":"image","settings":{"image":"shopify:\/\/shop_images\/m4_cd87f537d14f492276940d52cfc4eb21.jpg"}},"1525586022003":{"type":"image","settings":{"image":"shopify:\/\/shop_images\/m3_a012ac85b4df0c220455dccdc49f0a4a.jpg"}},"1525586031199":{"type":"image","settings":{"image":"shopify:\/\/shop_images\/m1_1_aa662b3947a4f91118d342f504752555.jpg"}}},"block_order":["1525585927272","1525585970213","1525585980175","1525585991589","1525586001226","1525586012228","1525586022003","1525586031199"],"settings":{"promotion_maindesktop":"shopify:\/\/shop_images\/vector-img.png","promotion_mainmobile":"shopify:\/\/shop_images\/mobversion_1_faccf91f9292e9c5302055b84a4f381d.jpg","promotion_title":"Want to Win Cool Prizes?","promotion_color":"#49acd5","promotion_hashtag":"#HASHTAG","promotion_moretext":"Take a selfie with our product and email it to happytohelp@yourdomain.com to win!"}},"homepage-video":{"type":"homepage-video","settings":{"footer_video_homepage_only":false,"footer_video_bg_color":"#ffffff","footer_video_font_color":"#000000","footer_video_font_size":"25px","footer_video_font_style":"600","footer_video_display":false,"video1_title":"Why You Should Switch to Shoptimized Today","video1_iframe":"<iframe src=\"https:\/\/player.vimeo.com\/video\/282073185\" allowfullscreen=\"\"><\/iframe>","video1_caption":"Use captions to call-out the main benefits of watching the video.","video2_title":"Find Out How Shoptimized Saves You Money","video2_iframe":"<iframe src=\"https:\/\/player.vimeo.com\/video\/285784191\" allowfullscreen=\"\"><\/iframe>","video2_caption":"Use captions to call-out the main benefits of watching the video."}},"homepage-review":{"type":"homepage-review","blocks":{"1515927853704":{"type":"image","settings":{"image":"","quote":"Put a compelling review here that talks-up your site or products","autor_name":"Footer 1"}},"1515927889903":{"type":"image","settings":{"image":"","quote":"Update - Put a compelling review here that talks-up your site or products","autor_name":"Footer 1"}},"1515927894799":{"type":"image","settings":{"image":"","quote":"Put a compelling review here that talks-up your site or products","autor_name":"Footer 1"}}},"block_order":["1515927853704","1515927889903","1515927894799"],"settings":{"footer_reviews_homepage_only":false,"footer_review_display":true,"section_title":"Don't Take Our Word For it! Here's What Our Customers Think:","footer_review_bg_color":"#ffffff","footer_quotation_mark_color":"#119cf5","footer_review_font_color":"#000000","footer_review_title_color":"#000000","footer_review_author_color":"#032084"}},"releted_upsell_popup":{"type":"releted_upsell_popup","blocks":{"1519816053005":{"type":"Upsell","settings":{"upsell_related_collection":"square-images","show_upsell_related_collection":"square-images"}}},"block_order":["1519816053005"],"settings":{"related_popup_heading":"Spend XX more to qualify for free shipping","related_popup_heading_free_shipping":"You have free Shipping","related_popup_heading_font_color":"#000000","related_popup_heading_font_family":"Arial","related_popup_heading_font_size":"14","related_popup_text":"Other customers also bought one or more of these items:","related_popup_text_font_color":"#000000","related_popup_text_font_family":"Arial","related_popup_text_font_size":"14","r_continue_shoping_color":"#880a0a","r_view_cart_color":"#880a0a","r_checkout_color":"#880a0a"}},"faq-right-nav":{"type":"faq-right-nav","blocks":{"1521017834968":{"type":"image","settings":{"topic_title":"topic 1"}},"1521017840958":{"type":"image","settings":{"topic_title":"topic 2"}},"1521017846225":{"type":"image","settings":{"topic_title":"topic 3"}}},"block_order":["1521017834968","1521017840958","1521017846225"],"settings":{}},"faq-content":{"type":"faq-content","blocks":{"1521017853183":{"type":"image","settings":{"question1":true,"text_question1":"question 1","text_answer1":"answer 1","question2":true,"text_question2":"question 2","text_answer2":"answer 2","question3":false,"text_question3":"","text_answer3":"","question4":false,"text_question4":"","text_answer4":"","question5":false,"text_question5":"","text_answer5":"","question6":false,"text_question6":"","text_answer6":"","question7":false,"text_question7":"","text_answer7":"","question8":false,"text_question8":"","text_answer8":"","question9":false,"text_question9":"","text_answer9":"","question10":false,"text_question10":"","text_answer10":""}},"1521017877242":{"type":"image","settings":{"question1":true,"text_question1":"dvnsd","text_answer1":"sdvsf","question2":true,"text_question2":"vsdfs","text_answer2":"dvsf","question3":true,"text_question3":"svbfs","text_answer3":"sbdfs","question4":false,"text_question4":"","text_answer4":"","question5":false,"text_question5":"","text_answer5":"","question6":false,"text_question6":"","text_answer6":"","question7":false,"text_question7":"","text_answer7":"","question8":false,"text_question8":"","text_answer8":"","question9":false,"text_question9":"","text_answer9":"","question10":false,"text_question10":"","text_answer10":""}},"1521017892357":{"type":"image","settings":{"question1":true,"text_question1":"fb dfs","text_answer1":"adxz","question2":true,"text_question2":"s xfd","text_answer2":"sa df","question3":true,"text_question3":"sd asc","text_answer3":"sad dfs","question4":false,"text_question4":"","text_answer4":"","question5":false,"text_question5":"","text_answer5":"","question6":false,"text_question6":"","text_answer6":"","question7":false,"text_question7":"","text_answer7":"","question8":false,"text_question8":"","text_answer8":"","question9":false,"text_question9":"","text_answer9":"","question10":false,"text_question10":"","text_answer10":""}}},"block_order":["1521017853183","1521017877242","1521017892357"],"settings":{}},"1524557680188":{"type":"homepage-all-products","disabled":true,"settings":{"title":"Featured collection","showallproducthome":true,"collection":"","grid":8}},"1529582863741":{"type":"homepage-mobile-slideshow","settings":{"fullwidth":false,"headingcolor":"#ffffff","headingfontsize":"30px","subheadingcolor":"#ffffff","subheadingfontsize":"15px","buttonbgcolor":"#000000","buttontextcolor":"#ffffff"}},"1530584553811":{"type":"homepage-slideshow","blocks":{"1530584553811-0":{"type":"image","settings":{"image":"","heading":"","subheading":"","buttontext":"","link":"shopify:\/\/pages\/faqs","heading_vertical_pos":"bottom","horizontal_vertical_pos":"center"}}},"block_order":["1530584553811-0"],"settings":{"fullwidth":false,"speed":"6","headingcolor":"#ffffff","headingfontsize":"80px","subheadingcolor":"#ffffff","subheadingfontsize":"30px","buttonbgcolor":"#000000","buttontextcolor":"#ffffff"}}},"content_for_index":["1530584553811","1529582863741","1512472949407","1512476085247","1524557680188"]},"presets":{"Default":{"ajax_cart_method":"drawer","cart_notes_enable":true,"color_body_bg":"#fff","color_body_text":"#333333","color_borders":"#e5e5e5","color_footer_bg":"#f2f2f2","color_footer_social_link":"#bbbbbb","color_footer_text":"#636363","color_primary":"#747474","color_secondary":"#bbb","favicon_enable":false,"footer_newsletter_enable":true,"footer_social_enable":true,"logo_use_image":false,"social_facebook_link":"","social_twitter_link":""}}}